Id,Class
0,14397,9
1,14398,6
2,14399,9
3,14400,10
4,14401,5
5,14402,6
6,14403,10
7,14404,6
8,14405,5
9,14406,10
10,14407,10
11,14408,10
12,14409,5
13,14410,10
14,14411,10
15,14412,0
16,14413,5
17,14414,10
18,14415,8
19,14416,10
20,14417,10
21,14418,9
22,14419,10
23,14420,8
24,14421,10
25,14422,9
26,14423,10
27,14424,6
28,14425,8
29,14426,6
30,14427,2
31,14428,0
32,14429,8
33,14430,2
34,14431,8
35,14432,10
36,14433,10
37,14434,6
38,14435,4
39,14436,10
40,14437,9
41,14438,5
42,14439,10
43,14440,9
44,14441,10
45,14442,6
46,14443,6
47,14444,2
48,14445,8
49,14446,10
50,14447,10
51,14448,10
52,14449,8
53,14450,5
54,14451,8
55,14452,10
56,14453,10
57,14454,6
58,14455,8
59,14456,10
60,14457,8
61,14458,10
62,14459,0
63,14460,6
64,14461,8
65,14462,8
66,14463,10
67,14464,2
68,14465,0
69,14466,10
70,14467,10
71,14468,6
72,14469,10
73,14470,10
74,14471,7
75,14472,10
76,14473,5
77,14474,10
78,14475,10
79,14476,9
80,14477,10
81,14478,6
82,14479,6
83,14480,7
84,14481,9
85,14482,3
86,14483,3
87,14484,8
88,14485,6
89,14486,5
90,14487,5
91,14488,5
92,14489,3
93,14490,0
94,14491,10
95,14492,4
96,14493,8
97,14494,10
98,14495,10
99,14496,8
100,14497,4
101,14498,10
102,14499,10
103,14500,8
104,14501,6
105,14502,5
106,14503,10
107,14504,10
108,14505,10
109,14506,8
110,14507,6
111,14508,10
112,14509,10
113,14510,10
114,14511,10
115,14512,6
116,14513,6
117,14514,10
118,14515,10
119,14516,5
120,14517,10
121,14518,2
122,14519,5
123,14520,2
124,14521,10
125,14522,6
126,14523,10
127,14524,5
128,14525,10
129,14526,2
130,14527,10
131,14528,10
132,14529,7
133,14530,10
134,14531,2
135,14532,10
136,14533,10
137,14534,7
138,14535,9
139,14536,10
140,14537,10
141,14538,8
142,14539,2
143,14540,10
144,14541,6
145,14542,9
146,14543,0
147,14544,10
148,14545,8
149,14546,0
150,14547,10
151,14548,5
152,14549,9
153,14550,6
154,14551,7
155,14552,6
156,14553,6
157,14554,10
158,14555,5
159,14556,6
160,14557,10
161,14558,10
162,14559,2
163,14560,5
164,14561,10
165,14562,10
166,14563,10
167,14564,5
168,14565,6
169,14566,10
170,14567,4
171,14568,10
172,14569,8
173,14570,10
174,14571,6
175,14572,10
176,14573,9
177,14574,10
178,14575,5
179,14576,6
180,14577,10
181,14578,4
182,14579,6
183,14580,10
184,14581,6
185,14582,2
186,14583,8
187,14584,6
188,14585,10
189,14586,0
190,14587,6
191,14588,10
192,14589,8
193,14590,8
194,14591,10
195,14592,8
196,14593,9
197,14594,6
198,14595,9
199,14596,4
200,14597,9
201,14598,10
202,14599,10
203,14600,10
204,14601,10
205,14602,8
206,14603,10
207,14604,10
208,14605,10
209,14606,10
210,14607,0
211,14608,6
212,14609,10
213,14610,10
214,14611,10
215,14612,10
216,14613,10
217,14614,2
218,14615,6
219,14616,9
220,14617,0
221,14618,8
222,14619,6
223,14620,10
224,14621,10
225,14622,10
226,14623,8
227,14624,10
228,14625,8
229,14626,6
230,14627,5
231,14628,8
232,14629,5
233,14630,3
234,14631,2
235,14632,7
236,14633,9
237,14634,6
238,14635,10
239,14636,6
240,14637,6
241,14638,6
242,14639,6
243,14640,10
244,14641,6
245,14642,9
246,14643,0
247,14644,7
248,14645,10
249,14646,2
250,14647,10
251,14648,9
252,14649,10
253,14650,10
254,14651,10
255,14652,6
256,14653,10
257,14654,10
258,14655,10
259,14656,10
260,14657,0
261,14658,8
262,14659,6
263,14660,9
264,14661,10
265,14662,10
266,14663,10
267,14664,6
268,14665,7
269,14666,5
270,14667,9
271,14668,9
272,14669,5
273,14670,2
274,14671,6
275,14672,6
276,14673,10
277,14674,10
278,14675,6
279,14676,10
280,14677,9
281,14678,8
282,14679,10
283,14680,10
284,14681,2
285,14682,8
286,14683,9
287,14684,9
288,14685,9
289,14686,7
290,14687,2
291,14688,10
292,14689,5
293,14690,3
294,14691,10
295,14692,6
296,14693,5
297,14694,3
298,14695,3
299,14696,2
300,14697,6
301,14698,2
302,14699,10
303,14700,9
304,14701,10
305,14702,6
306,14703,7
307,14704,10
308,14705,6
309,14706,5
310,14707,5
311,14708,10
312,14709,4
313,14710,9
314,14711,2
315,14712,8
316,14713,9
317,14714,8
318,14715,10
319,14716,10
320,14717,6
321,14718,10
322,14719,10
323,14720,10
324,14721,5
325,14722,2
326,14723,5
327,14724,10
328,14725,10
329,14726,10
330,14727,10
331,14728,8
332,14729,0
333,14730,9
334,14731,10
335,14732,0
336,14733,10
337,14734,10
338,14735,6
339,14736,10
340,14737,3
341,14738,10
342,14739,10
343,14740,10
344,14741,3
345,14742,7
346,14743,10
347,14744,9
348,14745,10
349,14746,9
350,14747,8
351,14748,8
352,14749,8
353,14750,10
354,14751,10
355,14752,10
356,14753,10
357,14754,8
358,14755,5
359,14756,10
360,14757,9
361,14758,10
362,14759,6
363,14760,6
364,14761,10
365,14762,0
366,14763,6
367,14764,9
368,14765,6
369,14766,10
370,14767,10
371,14768,6
372,14769,6
373,14770,10
374,14771,2
375,14772,10
376,14773,5
377,14774,10
378,14775,2
379,14776,9
380,14777,6
381,14778,10
382,14779,0
383,14780,9
384,14781,4
385,14782,9
386,14783,10
387,14784,8
388,14785,10
389,14786,10
390,14787,8
391,14788,10
392,14789,6
393,14790,10
394,14791,10
395,14792,0
396,14793,6
397,14794,8
398,14795,8
399,14796,10
400,14797,6
401,14798,10
402,14799,10
403,14800,10
404,14801,9
405,14802,6
406,14803,7
407,14804,10
408,14805,0
409,14806,5
410,14807,10
411,14808,6
412,14809,6
413,14810,6
414,14811,10
415,14812,6
416,14813,9
417,14814,5
418,14815,10
419,14816,10
420,14817,8
421,14818,6
422,14819,0
423,14820,10
424,14821,10
425,14822,8
426,14823,10
427,14824,8
428,14825,6
429,14826,8
430,14827,10
431,14828,8
432,14829,10
433,14830,8
434,14831,10
435,14832,6
436,14833,10
437,14834,10
438,14835,10
439,14836,8
440,14837,5
441,14838,4
442,14839,8
443,14840,6
444,14841,10
445,14842,8
446,14843,9
447,14844,10
448,14845,10
449,14846,10
450,14847,6
451,14848,10
452,14849,9
453,14850,10
454,14851,6
455,14852,6
456,14853,9
457,14854,6
458,14855,10
459,14856,5
460,14857,6
461,14858,10
462,14859,0
463,14860,10
464,14861,0
465,14862,8
466,14863,10
467,14864,8
468,14865,9
469,14866,8
470,14867,0
471,14868,10
472,14869,10
473,14870,8
474,14871,10
475,14872,10
476,14873,5
477,14874,10
478,14875,5
479,14876,10
480,14877,10
481,14878,5
482,14879,8
483,14880,2
484,14881,6
485,14882,10
486,14883,10
487,14884,6
488,14885,10
489,14886,0
490,14887,6
491,14888,6
492,14889,10
493,14890,9
494,14891,8
495,14892,9
496,14893,10
497,14894,6
498,14895,8
499,14896,4
500,14897,6
501,14898,6
502,14899,4
503,14900,10
504,14901,9
505,14902,10
506,14903,6
507,14904,6
508,14905,9
509,14906,10
510,14907,6
511,14908,2
512,14909,10
513,14910,9
514,14911,5
515,14912,5
516,14913,4
517,14914,7
518,14915,5
519,14916,6
520,14917,6
521,14918,10
522,14919,6
523,14920,5
524,14921,10
525,14922,7
526,14923,8
527,14924,9
528,14925,3
529,14926,10
530,14927,10
531,14928,5
532,14929,9
533,14930,6
534,14931,10
535,14932,10
536,14933,8
537,14934,0
538,14935,10
539,14936,10
540,14937,6
541,14938,6
542,14939,6
543,14940,8
544,14941,10
545,14942,10
546,14943,5
547,14944,9
548,14945,10
549,14946,6
550,14947,2
551,14948,10
552,14949,10
553,14950,6
554,14951,7
555,14952,2
556,14953,4
557,14954,8
558,14955,10
559,14956,10
560,14957,7
561,14958,6
562,14959,10
563,14960,10
564,14961,4
565,14962,10
566,14963,3
567,14964,2
568,14965,10
569,14966,8
570,14967,10
571,14968,10
572,14969,10
573,14970,8
574,14971,6
575,14972,8
576,14973,6
577,14974,10
578,14975,4
579,14976,2
580,14977,9
581,14978,2
582,14979,6
583,14980,8
584,14981,9
585,14982,10
586,14983,6
587,14984,9
588,14985,2
589,14986,10
590,14987,2
591,14988,10
592,14989,6
593,14990,10
594,14991,6
595,14992,6
596,14993,10
597,14994,10
598,14995,10
599,14996,10
600,14997,10
601,14998,10
602,14999,2
603,15000,10
604,15001,10
605,15002,2
606,15003,9
607,15004,2
608,15005,5
609,15006,5
610,15007,10
611,15008,2
612,15009,3
613,15010,6
614,15011,10
615,15012,4
616,15013,7
617,15014,10
618,15015,10
619,15016,10
620,15017,8
621,15018,10
622,15019,10
623,15020,6
624,15021,6
625,15022,5
626,15023,2
627,15024,6
628,15025,10
629,15026,2
630,15027,10
631,15028,6
632,15029,9
633,15030,2
634,15031,8
635,15032,6
636,15033,6
637,15034,2
638,15035,3
639,15036,6
640,15037,2
641,15038,10
642,15039,10
643,15040,9
644,15041,9
645,15042,8
646,15043,10
647,15044,8
648,15045,5
649,15046,9
650,15047,5
651,15048,2
652,15049,9
653,15050,10
654,15051,5
655,15052,10
656,15053,10
657,15054,10
658,15055,10
659,15056,10
660,15057,4
661,15058,6
662,15059,6
663,15060,10
664,15061,7
665,15062,10
666,15063,9
667,15064,6
668,15065,0
669,15066,10
670,15067,7
671,15068,10
672,15069,7
673,15070,9
674,15071,6
675,15072,5
676,15073,8
677,15074,0
678,15075,6
679,15076,10
680,15077,10
681,15078,6
682,15079,2
683,15080,10
684,15081,4
685,15082,10
686,15083,6
687,15084,10
688,15085,10
689,15086,10
690,15087,6
691,15088,4
692,15089,2
693,15090,6
694,15091,10
695,15092,10
696,15093,6
697,15094,6
698,15095,10
699,15096,6
700,15097,9
701,15098,4
702,15099,10
703,15100,10
704,15101,6
705,15102,7
706,15103,10
707,15104,2
708,15105,8
709,15106,6
710,15107,10
711,15108,10
712,15109,10
713,15110,7
714,15111,2
715,15112,10
716,15113,10
717,15114,10
718,15115,10
719,15116,5
720,15117,2
721,15118,0
722,15119,10
723,15120,10
724,15121,9
725,15122,8
726,15123,10
727,15124,6
728,15125,5
729,15126,6
730,15127,6
731,15128,10
732,15129,10
733,15130,10
734,15131,9
735,15132,10
736,15133,7
737,15134,10
738,15135,10
739,15136,9
740,15137,10
741,15138,9
742,15139,6
743,15140,0
744,15141,10
745,15142,10
746,15143,5
747,15144,2
748,15145,4
749,15146,8
750,15147,8
751,15148,6
752,15149,10
753,15150,10
754,15151,10
755,15152,6
756,15153,10
757,15154,2
758,15155,10
759,15156,8
760,15157,10
761,15158,10
762,15159,8
763,15160,0
764,15161,0
765,15162,9
766,15163,6
767,15164,3
768,15165,10
769,15166,10
770,15167,2
771,15168,5
772,15169,10
773,15170,10
774,15171,5
775,15172,6
776,15173,2
777,15174,6
778,15175,10
779,15176,6
780,15177,2
781,15178,6
782,15179,6
783,15180,10
784,15181,8
785,15182,5
786,15183,6
787,15184,10
788,15185,10
789,15186,6
790,15187,10
791,15188,6
792,15189,10
793,15190,10
794,15191,10
795,15192,7
796,15193,8
797,15194,10
798,15195,10
799,15196,10
800,15197,4
801,15198,10
802,15199,6
803,15200,6
804,15201,6
805,15202,6
806,15203,10
807,15204,6
808,15205,5
809,15206,6
810,15207,2
811,15208,0
812,15209,10
813,15210,4
814,15211,6
815,15212,6
816,15213,1
817,15214,0
818,15215,10
819,15216,6
820,15217,5
821,15218,7
822,15219,10
823,15220,2
824,15221,9
825,15222,10
826,15223,10
827,15224,2
828,15225,6
829,15226,4
830,15227,8
831,15228,10
832,15229,10
833,15230,10
834,15231,8
835,15232,10
836,15233,10
837,15234,8
838,15235,0
839,15236,6
840,15237,2
841,15238,6
842,15239,10
843,15240,10
844,15241,10
845,15242,5
846,15243,10
847,15244,10
848,15245,6
849,15246,6
850,15247,9
851,15248,6
852,15249,7
853,15250,10
854,15251,10
855,15252,10
856,15253,5
857,15254,6
858,15255,6
859,15256,10
860,15257,10
861,15258,4
862,15259,9
863,15260,6
864,15261,6
865,15262,10
866,15263,5
867,15264,6
868,15265,6
869,15266,10
870,15267,8
871,15268,10
872,15269,10
873,15270,10
874,15271,5
875,15272,6
876,15273,10
877,15274,10
878,15275,9
879,15276,3
880,15277,4
881,15278,10
882,15279,10
883,15280,7
884,15281,10
885,15282,0
886,15283,8
887,15284,7
888,15285,9
889,15286,10
890,15287,9
891,15288,6
892,15289,6
893,15290,10
894,15291,10
895,15292,2
896,15293,10
897,15294,8
898,15295,7
899,15296,2
900,15297,10
901,15298,6
902,15299,7
903,15300,0
904,15301,10
905,15302,10
906,15303,2
907,15304,6
908,15305,8
909,15306,10
910,15307,10
911,15308,10
912,15309,10
913,15310,10
914,15311,10
915,15312,10
916,15313,6
917,15314,7
918,15315,10
919,15316,10
920,15317,6
921,15318,10
922,15319,6
923,15320,9
924,15321,10
925,15322,7
926,15323,0
927,15324,10
928,15325,10
929,15326,5
930,15327,10
931,15328,10
932,15329,9
933,15330,5
934,15331,10
935,15332,6
936,15333,10
937,15334,3
938,15335,10
939,15336,10
940,15337,2
941,15338,9
942,15339,10
943,15340,10
944,15341,9
945,15342,0
946,15343,10
947,15344,0
948,15345,5
949,15346,3
950,15347,5
951,15348,10
952,15349,10
953,15350,6
954,15351,9
955,15352,5
956,15353,9
957,15354,6
958,15355,2
959,15356,5
960,15357,5
961,15358,8
962,15359,5
963,15360,9
964,15361,10
965,15362,10
966,15363,10
967,15364,6
968,15365,9
969,15366,10
970,15367,6
971,15368,6
972,15369,8
973,15370,9
974,15371,10
975,15372,10
976,15373,10
977,15374,8
978,15375,10
979,15376,10
980,15377,0
981,15378,2
982,15379,10
983,15380,2
984,15381,0
985,15382,7
986,15383,6
987,15384,10
988,15385,5
989,15386,10
990,15387,10
991,15388,6
992,15389,6
993,15390,6
994,15391,8
995,15392,2
996,15393,5
997,15394,6
998,15395,5
999,15396,10
1000,15397,10
1001,15398,10
1002,15399,6
1003,15400,10
1004,15401,9
1005,15402,10
1006,15403,10
1007,15404,6
1008,15405,10
1009,15406,6
1010,15407,9
1011,15408,8
1012,15409,2
1013,15410,10
1014,15411,9
1015,15412,6
1016,15413,9
1017,15414,10
1018,15415,10
1019,15416,6
1020,15417,8
1021,15418,10
1022,15419,8
1023,15420,2
1024,15421,10
1025,15422,5
1026,15423,9
1027,15424,8
1028,15425,10
1029,15426,8
1030,15427,7
1031,15428,5
1032,15429,10
1033,15430,10
1034,15431,9
1035,15432,3
1036,15433,9
1037,15434,2
1038,15435,5
1039,15436,6
1040,15437,9
1041,15438,2
1042,15439,10
1043,15440,10
1044,15441,8
1045,15442,5
1046,15443,10
1047,15444,6
1048,15445,0
1049,15446,6
1050,15447,0
1051,15448,10
1052,15449,10
1053,15450,9
1054,15451,10
1055,15452,5
1056,15453,10
1057,15454,10
1058,15455,9
1059,15456,3
1060,15457,10
1061,15458,10
1062,15459,9
1063,15460,10
1064,15461,6
1065,15462,10
1066,15463,8
1067,15464,8
1068,15465,9
1069,15466,10
1070,15467,9
1071,15468,10
1072,15469,0
1073,15470,0
1074,15471,10
1075,15472,10
1076,15473,6
1077,15474,6
1078,15475,10
1079,15476,10
1080,15477,5
1081,15478,10
1082,15479,10
1083,15480,5
1084,15481,10
1085,15482,8
1086,15483,10
1087,15484,8
1088,15485,4
1089,15486,10
1090,15487,10
1091,15488,6
1092,15489,5
1093,15490,4
1094,15491,2
1095,15492,10
1096,15493,2
1097,15494,6
1098,15495,8
1099,15496,9
1100,15497,6
1101,15498,6
1102,15499,7
1103,15500,10
1104,15501,10
1105,15502,8
1106,15503,7
1107,15504,10
1108,15505,2
1109,15506,6
1110,15507,10
1111,15508,9
1112,15509,4
1113,15510,10
1114,15511,5
1115,15512,8
1116,15513,6
1117,15514,9
1118,15515,5
1119,15516,6
1120,15517,9
1121,15518,0
1122,15519,2
1123,15520,9
1124,15521,10
1125,15522,10
1126,15523,8
1127,15524,0
1128,15525,10
1129,15526,10
1130,15527,0
1131,15528,10
1132,15529,6
1133,15530,9
1134,15531,0
1135,15532,0
1136,15533,6
1137,15534,10
1138,15535,10
1139,15536,6
1140,15537,10
1141,15538,2
1142,15539,10
1143,15540,2
1144,15541,8
1145,15542,10
1146,15543,10
1147,15544,10
1148,15545,10
1149,15546,6
1150,15547,6
1151,15548,10
1152,15549,5
1153,15550,10
1154,15551,8
1155,15552,10
1156,15553,10
1157,15554,8
1158,15555,10
1159,15556,6
1160,15557,2
1161,15558,8
1162,15559,8
1163,15560,9
1164,15561,10
1165,15562,6
1166,15563,0
1167,15564,9
1168,15565,7
1169,15566,2
1170,15567,10
1171,15568,9
1172,15569,0
1173,15570,9
1174,15571,10
1175,15572,10
1176,15573,9
1177,15574,10
1178,15575,8
1179,15576,6
1180,15577,10
1181,15578,10
1182,15579,10
1183,15580,6
1184,15581,7
1185,15582,6
1186,15583,9
1187,15584,8
1188,15585,0
1189,15586,2
1190,15587,6
1191,15588,3
1192,15589,5
1193,15590,9
1194,15591,9
1195,15592,3
1196,15593,10
1197,15594,10
1198,15595,6
1199,15596,10
1200,15597,10
1201,15598,2
1202,15599,10
1203,15600,5
1204,15601,7
1205,15602,10
1206,15603,8
1207,15604,6
1208,15605,5
1209,15606,6
1210,15607,10
1211,15608,4
1212,15609,4
1213,15610,10
1214,15611,10
1215,15612,8
1216,15613,2
1217,15614,10
1218,15615,8
1219,15616,10
1220,15617,6
1221,15618,6
1222,15619,10
1223,15620,9
1224,15621,10
1225,15622,9
1226,15623,10
1227,15624,10
1228,15625,5
1229,15626,10
1230,15627,9
1231,15628,10
1232,15629,9
1233,15630,10
1234,15631,2
1235,15632,6
1236,15633,2
1237,15634,9
1238,15635,5
1239,15636,9
1240,15637,5
1241,15638,7
1242,15639,10
1243,15640,10
1244,15641,2
1245,15642,10
1246,15643,6
1247,15644,8
1248,15645,8
1249,15646,5
1250,15647,6
1251,15648,10
1252,15649,6
1253,15650,9
1254,15651,10
1255,15652,6
1256,15653,10
1257,15654,10
1258,15655,0
1259,15656,10
1260,15657,10
1261,15658,9
1262,15659,8
1263,15660,6
1264,15661,9
1265,15662,8
1266,15663,6
1267,15664,10
1268,15665,9
1269,15666,10
1270,15667,2
1271,15668,9
1272,15669,9
1273,15670,6
1274,15671,9
1275,15672,10
1276,15673,6
1277,15674,6
1278,15675,10
1279,15676,6
1280,15677,5
1281,15678,0
1282,15679,6
1283,15680,6
1284,15681,8
1285,15682,2
1286,15683,10
1287,15684,10
1288,15685,6
1289,15686,10
1290,15687,10
1291,15688,5
1292,15689,2
1293,15690,10
1294,15691,4
1295,15692,10
1296,15693,0
1297,15694,5
1298,15695,10
1299,15696,0
1300,15697,0
1301,15698,6
1302,15699,10
1303,15700,6
1304,15701,8
1305,15702,5
1306,15703,10
1307,15704,9
1308,15705,3
1309,15706,6
1310,15707,6
1311,15708,4
1312,15709,10
1313,15710,8
1314,15711,5
1315,15712,10
1316,15713,9
1317,15714,7
1318,15715,10
1319,15716,8
1320,15717,6
1321,15718,10
1322,15719,9
1323,15720,2
1324,15721,10
1325,15722,10
1326,15723,2
1327,15724,10
1328,15725,10
1329,15726,10
1330,15727,4
1331,15728,9
1332,15729,10
1333,15730,10
1334,15731,2
1335,15732,3
1336,15733,6
1337,15734,2
1338,15735,3
1339,15736,10
1340,15737,5
1341,15738,5
1342,15739,8
1343,15740,6
1344,15741,6
1345,15742,6
1346,15743,4
1347,15744,10
1348,15745,6
1349,15746,10
1350,15747,6
1351,15748,10
1352,15749,10
1353,15750,7
1354,15751,10
1355,15752,6
1356,15753,4
1357,15754,5
1358,15755,7
1359,15756,10
1360,15757,10
1361,15758,2
1362,15759,10
1363,15760,2
1364,15761,5
1365,15762,6
1366,15763,10
1367,15764,6
1368,15765,6
1369,15766,6
1370,15767,2
1371,15768,10
1372,15769,10
1373,15770,6
1374,15771,9
1375,15772,10
1376,15773,10
1377,15774,10
1378,15775,8
1379,15776,5
1380,15777,10
1381,15778,10
1382,15779,0
1383,15780,8
1384,15781,9
1385,15782,2
1386,15783,5
1387,15784,10
1388,15785,7
1389,15786,6
1390,15787,9
1391,15788,10
1392,15789,6
1393,15790,10
1394,15791,10
1395,15792,2
1396,15793,9
1397,15794,10
1398,15795,6
1399,15796,0
1400,15797,10
1401,15798,0
1402,15799,2
1403,15800,9
1404,15801,6
1405,15802,6
1406,15803,4
1407,15804,9
1408,15805,8
1409,15806,6
1410,15807,10
1411,15808,10
1412,15809,10
1413,15810,3
1414,15811,9
1415,15812,10
1416,15813,10
1417,15814,7
1418,15815,10
1419,15816,10
1420,15817,6
1421,15818,6
1422,15819,9
1423,15820,10
1424,15821,10
1425,15822,6
1426,15823,4
1427,15824,4
1428,15825,6
1429,15826,4
1430,15827,8
1431,15828,10
1432,15829,9
1433,15830,10
1434,15831,1
1435,15832,10
1436,15833,8
1437,15834,10
1438,15835,2
1439,15836,10
1440,15837,10
1441,15838,10
1442,15839,6
1443,15840,5
1444,15841,10
1445,15842,10
1446,15843,10
1447,15844,8
1448,15845,10
1449,15846,10
1450,15847,10
1451,15848,0
1452,15849,6
1453,15850,0
1454,15851,10
1455,15852,0
1456,15853,0
1457,15854,5
1458,15855,9
1459,15856,10
1460,15857,4
1461,15858,8
1462,15859,10
1463,15860,10
1464,15861,10
1465,15862,10
1466,15863,6
1467,15864,4
1468,15865,9
1469,15866,8
1470,15867,1
1471,15868,10
1472,15869,9
1473,15870,5
1474,15871,9
1475,15872,4
1476,15873,6
1477,15874,10
1478,15875,10
1479,15876,6
1480,15877,9
1481,15878,5
1482,15879,10
1483,15880,9
1484,15881,6
1485,15882,10
1486,15883,6
1487,15884,10
1488,15885,10
1489,15886,10
1490,15887,7
1491,15888,6
1492,15889,10
1493,15890,3
1494,15891,6
1495,15892,10
1496,15893,5
1497,15894,6
1498,15895,6
1499,15896,4
1500,15897,9
1501,15898,1
1502,15899,6
1503,15900,10
1504,15901,2
1505,15902,5
1506,15903,0
1507,15904,8
1508,15905,10
1509,15906,2
1510,15907,10
1511,15908,10
1512,15909,2
1513,15910,7
1514,15911,8
1515,15912,6
1516,15913,10
1517,15914,4
1518,15915,10
1519,15916,10
1520,15917,2
1521,15918,9
1522,15919,2
1523,15920,6
1524,15921,10
1525,15922,6
1526,15923,10
1527,15924,10
1528,15925,10
1529,15926,10
1530,15927,10
1531,15928,6
1532,15929,9
1533,15930,10
1534,15931,10
1535,15932,6
1536,15933,10
1537,15934,6
1538,15935,10
1539,15936,3
1540,15937,10
1541,15938,9
1542,15939,10
1543,15940,10
1544,15941,9
1545,15942,10
1546,15943,5
1547,15944,7
1548,15945,0
1549,15946,5
1550,15947,6
1551,15948,10
1552,15949,6
1553,15950,10
1554,15951,10
1555,15952,8
1556,15953,10
1557,15954,8
1558,15955,10
1559,15956,0
1560,15957,10
1561,15958,9
1562,15959,10
1563,15960,8
1564,15961,3
1565,15962,9
1566,15963,6
1567,15964,7
1568,15965,6
1569,15966,10
1570,15967,6
1571,15968,6
1572,15969,9
1573,15970,10
1574,15971,10
1575,15972,0
1576,15973,9
1577,15974,10
1578,15975,10
1579,15976,8
1580,15977,6
1581,15978,8
1582,15979,6
1583,15980,8
1584,15981,9
1585,15982,9
1586,15983,5
1587,15984,5
1588,15985,9
1589,15986,4
1590,15987,3
1591,15988,10
1592,15989,6
1593,15990,5
1594,15991,8
1595,15992,2
1596,15993,2
1597,15994,10
1598,15995,5
1599,15996,4
1600,15997,8
1601,15998,6
1602,15999,3
1603,16000,10
1604,16001,10
1605,16002,6
1606,16003,2
1607,16004,10
1608,16005,9
1609,16006,2
1610,16007,5
1611,16008,7
1612,16009,10
1613,16010,10
1614,16011,5
1615,16012,10
1616,16013,10
1617,16014,5
1618,16015,9
1619,16016,6
1620,16017,5
1621,16018,10
1622,16019,6
1623,16020,7
1624,16021,6
1625,16022,9
1626,16023,10
1627,16024,10
1628,16025,8
1629,16026,6
1630,16027,8
1631,16028,10
1632,16029,6
1633,16030,10
1634,16031,10
1635,16032,9
1636,16033,10
1637,16034,0
1638,16035,5
1639,16036,9
1640,16037,8
1641,16038,10
1642,16039,6
1643,16040,1
1644,16041,10
1645,16042,8
1646,16043,6
1647,16044,9
1648,16045,10
1649,16046,4
1650,16047,10
1651,16048,8
1652,16049,5
1653,16050,10
1654,16051,8
1655,16052,10
1656,16053,10
1657,16054,10
1658,16055,6
1659,16056,10
1660,16057,10
1661,16058,7
1662,16059,6
1663,16060,8
1664,16061,10
1665,16062,10
1666,16063,6
1667,16064,6
1668,16065,10
1669,16066,5
1670,16067,6
1671,16068,10
1672,16069,9
1673,16070,6
1674,16071,7
1675,16072,0
1676,16073,6
1677,16074,10
1678,16075,3
1679,16076,9
1680,16077,5
1681,16078,5
1682,16079,10
1683,16080,3
1684,16081,9
1685,16082,5
1686,16083,10
1687,16084,8
1688,16085,2
1689,16086,7
1690,16087,3
1691,16088,10
1692,16089,10
1693,16090,10
1694,16091,10
1695,16092,10
1696,16093,9
1697,16094,10
1698,16095,10
1699,16096,2
1700,16097,5
1701,16098,8
1702,16099,5
1703,16100,10
1704,16101,8
1705,16102,10
1706,16103,10
1707,16104,2
1708,16105,6
1709,16106,10
1710,16107,8
1711,16108,10
1712,16109,9
1713,16110,5
1714,16111,5
1715,16112,10
1716,16113,10
1717,16114,2
1718,16115,5
1719,16116,10
1720,16117,10
1721,16118,6
1722,16119,0
1723,16120,6
1724,16121,10
1725,16122,6
1726,16123,10
1727,16124,10
1728,16125,9
1729,16126,10
1730,16127,9
1731,16128,10
1732,16129,10
1733,16130,7
1734,16131,8
1735,16132,6
1736,16133,10
1737,16134,10
1738,16135,5
1739,16136,8
1740,16137,10
1741,16138,8
1742,16139,6
1743,16140,5
1744,16141,10
1745,16142,8
1746,16143,10
1747,16144,10
1748,16145,8
1749,16146,9
1750,16147,8
1751,16148,0
1752,16149,5
1753,16150,5
1754,16151,10
1755,16152,3
1756,16153,10
1757,16154,0
1758,16155,10
1759,16156,10
1760,16157,8
1761,16158,9
1762,16159,10
1763,16160,10
1764,16161,2
1765,16162,4
1766,16163,10
1767,16164,5
1768,16165,6
1769,16166,10
1770,16167,5
1771,16168,8
1772,16169,2
1773,16170,6
1774,16171,10
1775,16172,10
1776,16173,10
1777,16174,10
1778,16175,9
1779,16176,6
1780,16177,6
1781,16178,10
1782,16179,6
1783,16180,10
1784,16181,0
1785,16182,6
1786,16183,5
1787,16184,3
1788,16185,10
1789,16186,6
1790,16187,6
1791,16188,10
1792,16189,9
1793,16190,6
1794,16191,8
1795,16192,5
1796,16193,0
1797,16194,6
1798,16195,2
1799,16196,5
1800,16197,2
1801,16198,8
1802,16199,6
1803,16200,10
1804,16201,10
1805,16202,10
1806,16203,3
1807,16204,7
1808,16205,0
1809,16206,10
1810,16207,10
1811,16208,0
1812,16209,5
1813,16210,6
1814,16211,4
1815,16212,8
1816,16213,10
1817,16214,1
1818,16215,6
1819,16216,7
1820,16217,10
1821,16218,10
1822,16219,10
1823,16220,10
1824,16221,10
1825,16222,10
1826,16223,10
1827,16224,10
1828,16225,10
1829,16226,6
1830,16227,0
1831,16228,1
1832,16229,10
1833,16230,8
1834,16231,10
1835,16232,8
1836,16233,10
1837,16234,10
1838,16235,6
1839,16236,5
1840,16237,9
1841,16238,10
1842,16239,4
1843,16240,9
1844,16241,10
1845,16242,7
1846,16243,6
1847,16244,6
1848,16245,2
1849,16246,9
1850,16247,10
1851,16248,2
1852,16249,9
1853,16250,5
1854,16251,0
1855,16252,5
1856,16253,5
1857,16254,10
1858,16255,9
1859,16256,6
1860,16257,6
1861,16258,10
1862,16259,10
1863,16260,8
1864,16261,2
1865,16262,10
1866,16263,10
1867,16264,9
1868,16265,5
1869,16266,0
1870,16267,6
1871,16268,6
1872,16269,7
1873,16270,2
1874,16271,10
1875,16272,6
1876,16273,3
1877,16274,2
1878,16275,10
1879,16276,10
1880,16277,2
1881,16278,6
1882,16279,6
1883,16280,9
1884,16281,10
1885,16282,10
1886,16283,10
1887,16284,2
1888,16285,6
1889,16286,10
1890,16287,1
1891,16288,10
1892,16289,5
1893,16290,5
1894,16291,5
1895,16292,9
1896,16293,9
1897,16294,9
1898,16295,10
1899,16296,9
1900,16297,5
1901,16298,5
1902,16299,9
1903,16300,9
1904,16301,6
1905,16302,8
1906,16303,7
1907,16304,10
1908,16305,6
1909,16306,8
1910,16307,10
1911,16308,5
1912,16309,10
1913,16310,0
1914,16311,9
1915,16312,7
1916,16313,2
1917,16314,8
1918,16315,10
1919,16316,8
1920,16317,10
1921,16318,10
1922,16319,3
1923,16320,0
1924,16321,2
1925,16322,6
1926,16323,6
1927,16324,10
1928,16325,10
1929,16326,8
1930,16327,7
1931,16328,10
1932,16329,6
1933,16330,5
1934,16331,10
1935,16332,9
1936,16333,6
1937,16334,10
1938,16335,10
1939,16336,2
1940,16337,6
1941,16338,10
1942,16339,8
1943,16340,8
1944,16341,1
1945,16342,5
1946,16343,5
1947,16344,10
1948,16345,10
1949,16346,10
1950,16347,8
1951,16348,10
1952,16349,10
1953,16350,8
1954,16351,2
1955,16352,2
1956,16353,9
1957,16354,9
1958,16355,10
1959,16356,5
1960,16357,5
1961,16358,0
1962,16359,8
1963,16360,10
1964,16361,6
1965,16362,10
1966,16363,5
1967,16364,10
1968,16365,6
1969,16366,10
1970,16367,10
1971,16368,8
1972,16369,10
1973,16370,10
1974,16371,2
1975,16372,8
1976,16373,6
1977,16374,10
1978,16375,6
1979,16376,8
1980,16377,2
1981,16378,10
1982,16379,5
1983,16380,5
1984,16381,10
1985,16382,9
1986,16383,10
1987,16384,10
1988,16385,10
1989,16386,6
1990,16387,1
1991,16388,6
1992,16389,6
1993,16390,10
1994,16391,5
1995,16392,10
1996,16393,4
1997,16394,9
1998,16395,3
1999,16396,10
2000,16397,6
2001,16398,6
2002,16399,6
2003,16400,10
2004,16401,0
2005,16402,9
2006,16403,0
2007,16404,10
2008,16405,6
2009,16406,10
2010,16407,9
2011,16408,9
2012,16409,5
2013,16410,0
2014,16411,10
2015,16412,10
2016,16413,4
2017,16414,7
2018,16415,10
2019,16416,6
2020,16417,10
2021,16418,6
2022,16419,10
2023,16420,10
2024,16421,9
2025,16422,5
2026,16423,8
2027,16424,10
2028,16425,6
2029,16426,5
2030,16427,10
2031,16428,6
2032,16429,5
2033,16430,6
2034,16431,8
2035,16432,9
2036,16433,8
2037,16434,10
2038,16435,6
2039,16436,10
2040,16437,2
2041,16438,3
2042,16439,9
2043,16440,10
2044,16441,6
2045,16442,2
2046,16443,6
2047,16444,10
2048,16445,5
2049,16446,8
2050,16447,0
2051,16448,10
2052,16449,10
2053,16450,5
2054,16451,5
2055,16452,10
2056,16453,6
2057,16454,6
2058,16455,10
2059,16456,10
2060,16457,10
2061,16458,10
2062,16459,9
2063,16460,3
2064,16461,2
2065,16462,2
2066,16463,6
2067,16464,4
2068,16465,10
2069,16466,10
2070,16467,10
2071,16468,5
2072,16469,2
2073,16470,10
2074,16471,6
2075,16472,10
2076,16473,0
2077,16474,2
2078,16475,10
2079,16476,10
2080,16477,6
2081,16478,5
2082,16479,10
2083,16480,8
2084,16481,8
2085,16482,2
2086,16483,4
2087,16484,8
2088,16485,3
2089,16486,10
2090,16487,10
2091,16488,10
2092,16489,6
2093,16490,9
2094,16491,2
2095,16492,10
2096,16493,9
2097,16494,2
2098,16495,10
2099,16496,6
2100,16497,8
2101,16498,2
2102,16499,10
2103,16500,10
2104,16501,10
2105,16502,2
2106,16503,4
2107,16504,10
2108,16505,6
2109,16506,5
2110,16507,10
2111,16508,9
2112,16509,8
2113,16510,6
2114,16511,6
2115,16512,10
2116,16513,0
2117,16514,10
2118,16515,6
2119,16516,9
2120,16517,5
2121,16518,2
2122,16519,10
2123,16520,10
2124,16521,6
2125,16522,10
2126,16523,10
2127,16524,10
2128,16525,9
2129,16526,8
2130,16527,10
2131,16528,10
2132,16529,5
2133,16530,6
2134,16531,3
2135,16532,5
2136,16533,10
2137,16534,9
2138,16535,6
2139,16536,9
2140,16537,9
2141,16538,9
2142,16539,10
2143,16540,8
2144,16541,6
2145,16542,9
2146,16543,6
2147,16544,10
2148,16545,10
2149,16546,2
2150,16547,10
2151,16548,6
2152,16549,6
2153,16550,1
2154,16551,10
2155,16552,10
2156,16553,6
2157,16554,6
2158,16555,6
2159,16556,10
2160,16557,6
2161,16558,10
2162,16559,10
2163,16560,9
2164,16561,10
2165,16562,0
2166,16563,10
2167,16564,10
2168,16565,10
2169,16566,10
2170,16567,10
2171,16568,10
2172,16569,10
2173,16570,10
2174,16571,7
2175,16572,10
2176,16573,3
2177,16574,6
2178,16575,6
2179,16576,9
2180,16577,9
2181,16578,5
2182,16579,10
2183,16580,0
2184,16581,10
2185,16582,10
2186,16583,3
2187,16584,9
2188,16585,10
2189,16586,10
2190,16587,3
2191,16588,4
2192,16589,10
2193,16590,7
2194,16591,10
2195,16592,10
2196,16593,9
2197,16594,7
2198,16595,10
2199,16596,9
2200,16597,2
2201,16598,10
2202,16599,8
2203,16600,5
2204,16601,2
2205,16602,10
2206,16603,9
2207,16604,10
2208,16605,6
2209,16606,4
2210,16607,10
2211,16608,6
2212,16609,9
2213,16610,7
2214,16611,10
2215,16612,10
2216,16613,10
2217,16614,6
2218,16615,2
2219,16616,8
2220,16617,2
2221,16618,5
2222,16619,5
2223,16620,10
2224,16621,2
2225,16622,10
2226,16623,5
2227,16624,10
2228,16625,6
2229,16626,10
2230,16627,10
2231,16628,8
2232,16629,10
2233,16630,10
2234,16631,10
2235,16632,0
2236,16633,6
2237,16634,10
2238,16635,10
2239,16636,6
2240,16637,8
2241,16638,9
2242,16639,10
2243,16640,8
2244,16641,2
2245,16642,8
2246,16643,10
2247,16644,10
2248,16645,6
2249,16646,8
2250,16647,8
2251,16648,10
2252,16649,10
2253,16650,8
2254,16651,7
2255,16652,10
2256,16653,10
2257,16654,10
2258,16655,10
2259,16656,10
2260,16657,2
2261,16658,6
2262,16659,9
2263,16660,3
2264,16661,0
2265,16662,10
2266,16663,8
2267,16664,10
2268,16665,9
2269,16666,0
2270,16667,10
2271,16668,10
2272,16669,7
2273,16670,7
2274,16671,10
2275,16672,10
2276,16673,8
2277,16674,10
2278,16675,9
2279,16676,1
2280,16677,9
2281,16678,10
2282,16679,1
2283,16680,6
2284,16681,10
2285,16682,7
2286,16683,3
2287,16684,10
2288,16685,3
2289,16686,10
2290,16687,9
2291,16688,8
2292,16689,9
2293,16690,5
2294,16691,6
2295,16692,10
2296,16693,6
2297,16694,10
2298,16695,2
2299,16696,0
2300,16697,3
2301,16698,9
2302,16699,2
2303,16700,6
2304,16701,9
2305,16702,0
2306,16703,8
2307,16704,7
2308,16705,6
2309,16706,6
2310,16707,0
2311,16708,0
2312,16709,10
2313,16710,10
2314,16711,10
2315,16712,10
2316,16713,10
2317,16714,10
2318,16715,6
2319,16716,3
2320,16717,9
2321,16718,8
2322,16719,10
2323,16720,8
2324,16721,6
2325,16722,10
2326,16723,5
2327,16724,10
2328,16725,4
2329,16726,7
2330,16727,10
2331,16728,2
2332,16729,6
2333,16730,10
2334,16731,2
2335,16732,7
2336,16733,4
2337,16734,10
2338,16735,6
2339,16736,10
2340,16737,2
2341,16738,10
2342,16739,10
2343,16740,10
2344,16741,10
2345,16742,10
2346,16743,6
2347,16744,10
2348,16745,9
2349,16746,4
2350,16747,10
2351,16748,10
2352,16749,10
2353,16750,7
2354,16751,1
2355,16752,7
2356,16753,10
2357,16754,0
2358,16755,5
2359,16756,2
2360,16757,10
2361,16758,6
2362,16759,6
2363,16760,9
2364,16761,0
2365,16762,10
2366,16763,10
2367,16764,9
2368,16765,10
2369,16766,10
2370,16767,9
2371,16768,10
2372,16769,5
2373,16770,2
2374,16771,10
2375,16772,8
2376,16773,10
2377,16774,2
2378,16775,10
2379,16776,6
2380,16777,10
2381,16778,6
2382,16779,9
2383,16780,8
2384,16781,10
2385,16782,5
2386,16783,9
2387,16784,8
2388,16785,5
2389,16786,10
2390,16787,6
2391,16788,10
2392,16789,9
2393,16790,9
2394,16791,10
2395,16792,6
2396,16793,9
2397,16794,8
2398,16795,5
2399,16796,6
2400,16797,10
2401,16798,10
2402,16799,5
2403,16800,10
2404,16801,8
2405,16802,8
2406,16803,10
2407,16804,6
2408,16805,5
2409,16806,6
2410,16807,10
2411,16808,8
2412,16809,2
2413,16810,9
2414,16811,5
2415,16812,10
2416,16813,6
2417,16814,10
2418,16815,10
2419,16816,6
2420,16817,6
2421,16818,9
2422,16819,9
2423,16820,9
2424,16821,8
2425,16822,10
2426,16823,7
2427,16824,2
2428,16825,0
2429,16826,8
2430,16827,10
2431,16828,5
2432,16829,10
2433,16830,1
2434,16831,10
2435,16832,5
2436,16833,5
2437,16834,9
2438,16835,10
2439,16836,6
2440,16837,10
2441,16838,10
2442,16839,0
2443,16840,3
2444,16841,10
2445,16842,6
2446,16843,10
2447,16844,3
2448,16845,6
2449,16846,1
2450,16847,10
2451,16848,2
2452,16849,8
2453,16850,10
2454,16851,10
2455,16852,6
2456,16853,10
2457,16854,3
2458,16855,5
2459,16856,10
2460,16857,2
2461,16858,5
2462,16859,5
2463,16860,2
2464,16861,9
2465,16862,6
2466,16863,9
2467,16864,10
2468,16865,8
2469,16866,10
2470,16867,10
2471,16868,10
2472,16869,2
2473,16870,5
2474,16871,10
2475,16872,10
2476,16873,2
2477,16874,10
2478,16875,8
2479,16876,10
2480,16877,9
2481,16878,6
2482,16879,8
2483,16880,10
2484,16881,6
2485,16882,6
2486,16883,3
2487,16884,10
2488,16885,10
2489,16886,6
2490,16887,10
2491,16888,9
2492,16889,9
2493,16890,10
2494,16891,8
2495,16892,4
2496,16893,4
2497,16894,10
2498,16895,10
2499,16896,9
2500,16897,10
2501,16898,8
2502,16899,8
2503,16900,10
2504,16901,5
2505,16902,4
2506,16903,6
2507,16904,10
2508,16905,6
2509,16906,6
2510,16907,8
2511,16908,6
2512,16909,10
2513,16910,9
2514,16911,5
2515,16912,4
2516,16913,8
2517,16914,3
2518,16915,10
2519,16916,10
2520,16917,7
2521,16918,10
2522,16919,5
2523,16920,0
2524,16921,3
2525,16922,6
2526,16923,6
2527,16924,4
2528,16925,0
2529,16926,2
2530,16927,5
2531,16928,5
2532,16929,8
2533,16930,5
2534,16931,10
2535,16932,6
2536,16933,10
2537,16934,2
2538,16935,10
2539,16936,4
2540,16937,10
2541,16938,10
2542,16939,2
2543,16940,6
2544,16941,9
2545,16942,8
2546,16943,0
2547,16944,10
2548,16945,4
2549,16946,7
2550,16947,9
2551,16948,9
2552,16949,6
2553,16950,10
2554,16951,10
2555,16952,8
2556,16953,2
2557,16954,5
2558,16955,7
2559,16956,3
2560,16957,6
2561,16958,2
2562,16959,10
2563,16960,10
2564,16961,9
2565,16962,10
2566,16963,10
2567,16964,10
2568,16965,10
2569,16966,8
2570,16967,8
2571,16968,6
2572,16969,0
2573,16970,10
2574,16971,5
2575,16972,10
2576,16973,6
2577,16974,0
2578,16975,6
2579,16976,5
2580,16977,6
2581,16978,10
2582,16979,9
2583,16980,6
2584,16981,5
2585,16982,10
2586,16983,10
2587,16984,10
2588,16985,7
2589,16986,10
2590,16987,7
2591,16988,10
2592,16989,8
2593,16990,9
2594,16991,6
2595,16992,10
2596,16993,9
2597,16994,10
2598,16995,10
2599,16996,2
2600,16997,7
2601,16998,10
2602,16999,6
2603,17000,8
2604,17001,10
2605,17002,2
2606,17003,10
2607,17004,4
2608,17005,10
2609,17006,10
2610,17007,5
2611,17008,6
2612,17009,8
2613,17010,9
2614,17011,10
2615,17012,10
2616,17013,8
2617,17014,8
2618,17015,2
2619,17016,10
2620,17017,9
2621,17018,10
2622,17019,9
2623,17020,6
2624,17021,4
2625,17022,9
2626,17023,10
2627,17024,0
2628,17025,6
2629,17026,9
2630,17027,10
2631,17028,6
2632,17029,8
2633,17030,10
2634,17031,6
2635,17032,5
2636,17033,10
2637,17034,0
2638,17035,8
2639,17036,10
2640,17037,10
2641,17038,8
2642,17039,5
2643,17040,10
2644,17041,7
2645,17042,10
2646,17043,8
2647,17044,10
2648,17045,6
2649,17046,2
2650,17047,9
2651,17048,5
2652,17049,10
2653,17050,0
2654,17051,0
2655,17052,7
2656,17053,10
2657,17054,10
2658,17055,8
2659,17056,10
2660,17057,10
2661,17058,10
2662,17059,10
2663,17060,6
2664,17061,10
2665,17062,9
2666,17063,5
2667,17064,10
2668,17065,6
2669,17066,5
2670,17067,9
2671,17068,0
2672,17069,4
2673,17070,10
2674,17071,10
2675,17072,6
2676,17073,8
2677,17074,10
2678,17075,3
2679,17076,6
2680,17077,6
2681,17078,9
2682,17079,10
2683,17080,10
2684,17081,6
2685,17082,9
2686,17083,0
2687,17084,3
2688,17085,10
2689,17086,0
2690,17087,10
2691,17088,8
2692,17089,6
2693,17090,0
2694,17091,2
2695,17092,10
2696,17093,10
2697,17094,6
2698,17095,10
2699,17096,0
2700,17097,6
2701,17098,10
2702,17099,9
2703,17100,10
2704,17101,10
2705,17102,5
2706,17103,10
2707,17104,0
2708,17105,3
2709,17106,10
2710,17107,0
2711,17108,10
2712,17109,6
2713,17110,6
2714,17111,10
2715,17112,10
2716,17113,10
2717,17114,8
2718,17115,6
2719,17116,0
2720,17117,8
2721,17118,10
2722,17119,9
2723,17120,10
2724,17121,5
2725,17122,4
2726,17123,6
2727,17124,10
2728,17125,3
2729,17126,7
2730,17127,6
2731,17128,4
2732,17129,10
2733,17130,2
2734,17131,9
2735,17132,7
2736,17133,5
2737,17134,10
2738,17135,5
2739,17136,5
2740,17137,5
2741,17138,10
2742,17139,6
2743,17140,10
2744,17141,2
2745,17142,10
2746,17143,6
2747,17144,10
2748,17145,4
2749,17146,1
2750,17147,10
2751,17148,10
2752,17149,10
2753,17150,10
2754,17151,6
2755,17152,10
2756,17153,10
2757,17154,10
2758,17155,7
2759,17156,8
2760,17157,10
2761,17158,9
2762,17159,10
2763,17160,7
2764,17161,6
2765,17162,2
2766,17163,6
2767,17164,7
2768,17165,10
2769,17166,10
2770,17167,10
2771,17168,3
2772,17169,10
2773,17170,6
2774,17171,9
2775,17172,10
2776,17173,10
2777,17174,10
2778,17175,10
2779,17176,10
2780,17177,8
2781,17178,10
2782,17179,5
2783,17180,10
2784,17181,10
2785,17182,8
2786,17183,6
2787,17184,2
2788,17185,9
2789,17186,10
2790,17187,6
2791,17188,0
2792,17189,10
2793,17190,10
2794,17191,10
2795,17192,2
2796,17193,5
2797,17194,9
2798,17195,6
2799,17196,8
2800,17197,10
2801,17198,6
2802,17199,10
2803,17200,10
2804,17201,6
2805,17202,10
2806,17203,6
2807,17204,10
2808,17205,10
2809,17206,8
2810,17207,10
2811,17208,9
2812,17209,8
2813,17210,10
2814,17211,9
2815,17212,6
2816,17213,9
2817,17214,5
2818,17215,10
2819,17216,9
2820,17217,10
2821,17218,2
2822,17219,0
2823,17220,10
2824,17221,10
2825,17222,10
2826,17223,6
2827,17224,6
2828,17225,10
2829,17226,10
2830,17227,8
2831,17228,4
2832,17229,5
2833,17230,2
2834,17231,10
2835,17232,6
2836,17233,10
2837,17234,6
2838,17235,2
2839,17236,10
2840,17237,6
2841,17238,0
2842,17239,10
2843,17240,3
2844,17241,6
2845,17242,6
2846,17243,5
2847,17244,10
2848,17245,10
2849,17246,10
2850,17247,6
2851,17248,9
2852,17249,10
2853,17250,1
2854,17251,10
2855,17252,10
2856,17253,10
2857,17254,10
2858,17255,10
2859,17256,2
2860,17257,10
2861,17258,2
2862,17259,6
2863,17260,8
2864,17261,10
2865,17262,8
2866,17263,8
2867,17264,10
2868,17265,10
2869,17266,10
2870,17267,8
2871,17268,8
2872,17269,6
2873,17270,8
2874,17271,9
2875,17272,6
2876,17273,6
2877,17274,9
2878,17275,10
2879,17276,10
2880,17277,3
2881,17278,6
2882,17279,2
2883,17280,10
2884,17281,10
2885,17282,0
2886,17283,7
2887,17284,3
2888,17285,5
2889,17286,10
2890,17287,10
2891,17288,10
2892,17289,10
2893,17290,10
2894,17291,10
2895,17292,8
2896,17293,5
2897,17294,6
2898,17295,8
2899,17296,2
2900,17297,10
2901,17298,9
2902,17299,10
2903,17300,10
2904,17301,0
2905,17302,10
2906,17303,0
2907,17304,10
2908,17305,9
2909,17306,6
2910,17307,3
2911,17308,2
2912,17309,10
2913,17310,8
2914,17311,6
2915,17312,9
2916,17313,10
2917,17314,2
2918,17315,5
2919,17316,10
2920,17317,6
2921,17318,7
2922,17319,9
2923,17320,10
2924,17321,2
2925,17322,2
2926,17323,10
2927,17324,10
2928,17325,3
2929,17326,3
2930,17327,10
2931,17328,2
2932,17329,2
2933,17330,4
2934,17331,8
2935,17332,5
2936,17333,10
2937,17334,6
2938,17335,2
2939,17336,10
2940,17337,0
2941,17338,10
2942,17339,2
2943,17340,10
2944,17341,2
2945,17342,5
2946,17343,10
2947,17344,10
2948,17345,10
2949,17346,6
2950,17347,10
2951,17348,10
2952,17349,2
2953,17350,10
2954,17351,10
2955,17352,6
2956,17353,10
2957,17354,10
2958,17355,5
2959,17356,5
2960,17357,10
2961,17358,10
2962,17359,9
2963,17360,9
2964,17361,10
2965,17362,10
2966,17363,9
2967,17364,5
2968,17365,10
2969,17366,8
2970,17367,8
2971,17368,2
2972,17369,2
2973,17370,0
2974,17371,9
2975,17372,8
2976,17373,10
2977,17374,10
2978,17375,6
2979,17376,6
2980,17377,2
2981,17378,6
2982,17379,10
2983,17380,5
2984,17381,5
2985,17382,0
2986,17383,6
2987,17384,5
2988,17385,10
2989,17386,10
2990,17387,9
2991,17388,10
2992,17389,10
2993,17390,6
2994,17391,8
2995,17392,6
2996,17393,2
2997,17394,8
2998,17395,10
2999,17396,8
3000,17397,6
3001,17398,2
3002,17399,5
3003,17400,10
3004,17401,10
3005,17402,7
3006,17403,10
3007,17404,10
3008,17405,10
3009,17406,10
3010,17407,10
3011,17408,10
3012,17409,4
3013,17410,10
3014,17411,5
3015,17412,6
3016,17413,9
3017,17414,10
3018,17415,3
3019,17416,6
3020,17417,0
3021,17418,9
3022,17419,4
3023,17420,10
3024,17421,10
3025,17422,10
3026,17423,10
3027,17424,8
3028,17425,8
3029,17426,4
3030,17427,6
3031,17428,10
3032,17429,10
3033,17430,10
3034,17431,7
3035,17432,10
3036,17433,8
3037,17434,1
3038,17435,6
3039,17436,2
3040,17437,9
3041,17438,6
3042,17439,0
3043,17440,0
3044,17441,6
3045,17442,5
3046,17443,10
3047,17444,10
3048,17445,10
3049,17446,8
3050,17447,10
3051,17448,10
3052,17449,10
3053,17450,10
3054,17451,10
3055,17452,10
3056,17453,4
3057,17454,7
3058,17455,0
3059,17456,10
3060,17457,7
3061,17458,6
3062,17459,6
3063,17460,8
3064,17461,10
3065,17462,5
3066,17463,6
3067,17464,10
3068,17465,8
3069,17466,10
3070,17467,10
3071,17468,5
3072,17469,10
3073,17470,6
3074,17471,10
3075,17472,10
3076,17473,5
3077,17474,2
3078,17475,5
3079,17476,0
3080,17477,2
3081,17478,5
3082,17479,5
3083,17480,10
3084,17481,6
3085,17482,10
3086,17483,8
3087,17484,7
3088,17485,0
3089,17486,6
3090,17487,10
3091,17488,0
3092,17489,2
3093,17490,6
3094,17491,3
3095,17492,10
3096,17493,10
3097,17494,8
3098,17495,10
3099,17496,6
3100,17497,0
3101,17498,9
3102,17499,6
3103,17500,9
3104,17501,10
3105,17502,10
3106,17503,5
3107,17504,10
3108,17505,10
3109,17506,5
3110,17507,10
3111,17508,4
3112,17509,5
3113,17510,5
3114,17511,10
3115,17512,6
3116,17513,8
3117,17514,6
3118,17515,10
3119,17516,10
3120,17517,10
3121,17518,10
3122,17519,10
3123,17520,0
3124,17521,4
3125,17522,0
3126,17523,5
3127,17524,6
3128,17525,10
3129,17526,9
3130,17527,10
3131,17528,2
3132,17529,10
3133,17530,5
3134,17531,10
3135,17532,10
3136,17533,9
3137,17534,10
3138,17535,6
3139,17536,2
3140,17537,6
3141,17538,8
3142,17539,10
3143,17540,2
3144,17541,10
3145,17542,6
3146,17543,2
3147,17544,10
3148,17545,10
3149,17546,8
3150,17547,8
3151,17548,4
3152,17549,10
3153,17550,9
3154,17551,10
3155,17552,4
3156,17553,10
3157,17554,2
3158,17555,6
3159,17556,6
3160,17557,10
3161,17558,10
3162,17559,10
3163,17560,2
3164,17561,1
3165,17562,5
3166,17563,9
3167,17564,4
3168,17565,10
3169,17566,10
3170,17567,10
3171,17568,0
3172,17569,10
3173,17570,2
3174,17571,10
3175,17572,10
3176,17573,6
3177,17574,10
3178,17575,10
3179,17576,6
3180,17577,8
3181,17578,7
3182,17579,10
3183,17580,10
3184,17581,0
3185,17582,8
3186,17583,6
3187,17584,6
3188,17585,6
3189,17586,10
3190,17587,10
3191,17588,10
3192,17589,0
3193,17590,8
3194,17591,6
3195,17592,10
3196,17593,2
3197,17594,10
3198,17595,6
3199,17596,10
3200,17597,10
3201,17598,10
3202,17599,10
3203,17600,7
3204,17601,2
3205,17602,6
3206,17603,4
3207,17604,8
3208,17605,10
3209,17606,6
3210,17607,10
3211,17608,8
3212,17609,8
3213,17610,10
3214,17611,10
3215,17612,6
3216,17613,7
3217,17614,10
3218,17615,10
3219,17616,9
3220,17617,5
3221,17618,2
3222,17619,10
3223,17620,10
3224,17621,5
3225,17622,10
3226,17623,8
3227,17624,0
3228,17625,10
3229,17626,10
3230,17627,0
3231,17628,5
3232,17629,4
3233,17630,10
3234,17631,6
3235,17632,10
3236,17633,10
3237,17634,6
3238,17635,2
3239,17636,2
3240,17637,0
3241,17638,10
3242,17639,6
3243,17640,10
3244,17641,2
3245,17642,6
3246,17643,5
3247,17644,0
3248,17645,9
3249,17646,10
3250,17647,10
3251,17648,10
3252,17649,10
3253,17650,6
3254,17651,6
3255,17652,10
3256,17653,10
3257,17654,6
3258,17655,10
3259,17656,8
3260,17657,8
3261,17658,9
3262,17659,9
3263,17660,6
3264,17661,10
3265,17662,5
3266,17663,10
3267,17664,10
3268,17665,8
3269,17666,10
3270,17667,10
3271,17668,6
3272,17669,0
3273,17670,10
3274,17671,10
3275,17672,3
3276,17673,0
3277,17674,8
3278,17675,10
3279,17676,6
3280,17677,8
3281,17678,10
3282,17679,10
3283,17680,10
3284,17681,9
3285,17682,10
3286,17683,5
3287,17684,10
3288,17685,10
3289,17686,10
3290,17687,3
3291,17688,10
3292,17689,10
3293,17690,0
3294,17691,6
3295,17692,10
3296,17693,10
3297,17694,4
3298,17695,10
3299,17696,6
3300,17697,10
3301,17698,10
3302,17699,6
3303,17700,5
3304,17701,9
3305,17702,8
3306,17703,10
3307,17704,10
3308,17705,10
3309,17706,5
3310,17707,10
3311,17708,10
3312,17709,2
3313,17710,10
3314,17711,0
3315,17712,10
3316,17713,6
3317,17714,7
3318,17715,10
3319,17716,9
3320,17717,9
3321,17718,10
3322,17719,10
3323,17720,9
3324,17721,10
3325,17722,9
3326,17723,1
3327,17724,9
3328,17725,8
3329,17726,8
3330,17727,10
3331,17728,7
3332,17729,9
3333,17730,8
3334,17731,8
3335,17732,10
3336,17733,0
3337,17734,6
3338,17735,8
3339,17736,8
3340,17737,6
3341,17738,10
3342,17739,10
3343,17740,10
3344,17741,10
3345,17742,0
3346,17743,9
3347,17744,8
3348,17745,0
3349,17746,6
3350,17747,9
3351,17748,10
3352,17749,10
3353,17750,2
3354,17751,2
3355,17752,6
3356,17753,6
3357,17754,10
3358,17755,2
3359,17756,2
3360,17757,8
3361,17758,5
3362,17759,6
3363,17760,10
3364,17761,6
3365,17762,10
3366,17763,10
3367,17764,10
3368,17765,10
3369,17766,10
3370,17767,8
3371,17768,10
3372,17769,10
3373,17770,6
3374,17771,7
3375,17772,6
3376,17773,6
3377,17774,9
3378,17775,2
3379,17776,6
3380,17777,6
3381,17778,0
3382,17779,2
3383,17780,10
3384,17781,10
3385,17782,10
3386,17783,5
3387,17784,10
3388,17785,5
3389,17786,5
3390,17787,6
3391,17788,10
3392,17789,10
3393,17790,8
3394,17791,5
3395,17792,7
3396,17793,10
3397,17794,10
3398,17795,10
3399,17796,6
3400,17797,2
3401,17798,5
3402,17799,6
3403,17800,10
3404,17801,6
3405,17802,10
3406,17803,10
3407,17804,10
3408,17805,9
3409,17806,10
3410,17807,10
3411,17808,10
3412,17809,10
3413,17810,10
3414,17811,5
3415,17812,5
3416,17813,8
3417,17814,10
3418,17815,5
3419,17816,4
3420,17817,10
3421,17818,10
3422,17819,10
3423,17820,10
3424,17821,5
3425,17822,9
3426,17823,5
3427,17824,8
3428,17825,6
3429,17826,0
3430,17827,6
3431,17828,10
3432,17829,6
3433,17830,10
3434,17831,10
3435,17832,6
3436,17833,6
3437,17834,7
3438,17835,10
3439,17836,9
3440,17837,5
3441,17838,8
3442,17839,8
3443,17840,10
3444,17841,2
3445,17842,10
3446,17843,10
3447,17844,6
3448,17845,6
3449,17846,10
3450,17847,8
3451,17848,10
3452,17849,10
3453,17850,10
3454,17851,8
3455,17852,10
3456,17853,10
3457,17854,8
3458,17855,10
3459,17856,2
3460,17857,0
3461,17858,10
3462,17859,10
3463,17860,9
3464,17861,10
3465,17862,6
3466,17863,9
3467,17864,10
3468,17865,10
3469,17866,10
3470,17867,1
3471,17868,8
3472,17869,10
3473,17870,6
3474,17871,2
3475,17872,6
3476,17873,10
3477,17874,4
3478,17875,10
3479,17876,7
3480,17877,0
3481,17878,10
3482,17879,10
3483,17880,6
3484,17881,0
3485,17882,10
3486,17883,1
3487,17884,5
3488,17885,2
3489,17886,5
3490,17887,6
3491,17888,3
3492,17889,10
3493,17890,10
3494,17891,10
3495,17892,8
3496,17893,0
3497,17894,10
3498,17895,10
3499,17896,5
3500,17897,10
3501,17898,6
3502,17899,10
3503,17900,10
3504,17901,9
3505,17902,6
3506,17903,8
3507,17904,6
3508,17905,10
3509,17906,0
3510,17907,9
3511,17908,4
3512,17909,10
3513,17910,10
3514,17911,10
3515,17912,6
3516,17913,9
3517,17914,9
3518,17915,10
3519,17916,8
3520,17917,5
3521,17918,10
3522,17919,10
3523,17920,10
3524,17921,8
3525,17922,6
3526,17923,9
3527,17924,6
3528,17925,6
3529,17926,10
3530,17927,10
3531,17928,9
3532,17929,2
3533,17930,5
3534,17931,9
3535,17932,10
3536,17933,6
3537,17934,8
3538,17935,9
3539,17936,10
3540,17937,9
3541,17938,10
3542,17939,10
3543,17940,10
3544,17941,10
3545,17942,8
3546,17943,3
3547,17944,10
3548,17945,10
3549,17946,10
3550,17947,0
3551,17948,8
3552,17949,10
3553,17950,10
3554,17951,6
3555,17952,8
3556,17953,9
3557,17954,6
3558,17955,10
3559,17956,2
3560,17957,4
3561,17958,10
3562,17959,2
3563,17960,7
3564,17961,8
3565,17962,10
3566,17963,5
3567,17964,0
3568,17965,10
3569,17966,10
3570,17967,2
3571,17968,6
3572,17969,10
3573,17970,2
3574,17971,10
3575,17972,2
3576,17973,10
3577,17974,2
3578,17975,5
3579,17976,10
3580,17977,10
3581,17978,10
3582,17979,10
3583,17980,2
3584,17981,8
3585,17982,10
3586,17983,10
3587,17984,10
3588,17985,3
3589,17986,10
3590,17987,2
3591,17988,8
3592,17989,10
3593,17990,5
3594,17991,10
3595,17992,10
3596,17993,5
3597,17994,6
3598,17995,2
3599,17996,10
